Workbook

Sheet Опис даних
A1: У цьому домашньому завданні ми будемо працювати з набором даних, який об’єднує показники щастя та економічної стабільності у 148 країнах за період з 2015 по 2023 рік. Цей датасет створено на основі Індексу світового щастя (World Happiness Index, WHI) та макроекономічних показників, таких як ВВП і інфляція. Дані розміщено на аркуші "Сирі дані", опис колонок даних - на аркуші "Опис колонок даних". Незаповнені клітинки містять відсутні дані для перетину цього рядочку і колонки. Мета використання набору — дослідити, як економічні умови впливають на добробут і щастя людей в різних регіонах світу. А наша з вами додаткова мета — попрактикуватись із статистичним аналізом даних. І для цього ми будемо виконувати завдання на аркуші "Завдання".

Sheet Опис колонок даних
A1: Назва змінної | B1: Опис
A2: Country | B2: Назва країни, в якій були зафіксовані дані.
A3: Continent/Region | B3: Континент або регіон, у якому розташована країна.
A4: Year | B4: Рік, у якому були зібрані дані.
A5: Happiness Score | B5: Індекс щастя за World Happiness Report: чим вище значення, тим вищий рівень щастя.
A6: GDP per Capita | B6: Нормалізований валовий внутрішній продукт (ВВП) на душу населення.
A7: Headline Consumer Price Inflation | B7: Загальний рівень інфляції на основі індексу споживчих цін (CPI).
A8: Energy Consumer Price Inflation | B8: Рівень інфляції на енергетичні товари згідно з індексом споживчих цін.
A9: Food Consumer Price Inflation | B9: Рівень інфляції на продукти харчування згідно з індексом споживчих цін.
A10: Official Core Consumer Price Inflation | B10: Базовий рівень інфляції без урахування енергії та продуктів харчування.
A11: Producer Price Inflation | B11: Рівень інфляції на основі індексу цін виробників (PPI).
A12: GDP deflator Index growth rate | B12: Темп зростання дефлятора ВВП — показника загального рівня цін в економіці.
... A17: Perceptions of corruption | B17: Сприйняття рівня корупції в країні за оцінками її мешканців.

Sheet Завдання
A1: Завдання: 1. Створіть новий аркуш “Statistics” і обчисліть на ньому описову статистику показників Happiness Score, GDP per Capita. А саме, обчисліть значення - Арифметичного середнього - Медіани - Макс. Значення - Мін. Значення - Діапазон (Range) - Дисперсії - Стандартного відхилення Округліть всі значення до 2х цифр після коми 2. Напишіть на аркуші “Statistics” свої висновки: що ми можете сказати про розподіл розглянутих числових колонок Чи розподіл кожної з колонок симетричний? 3. На аркуші “Statistics” побудуйте гістограми розподілів числових колонок Happiness Score, GDP per Capita. Опишіть, що бачите з розподілів? Які аналітичні висновки ви б могли відзвітувати про ці дані? 4. На аркуші “Statistics” побудуйте графік розсіювання Happiness Score проти GDP per Capita. Опишіть, що ви бачите на графіку, чи є щось цікавое і незвичне? 5. Обчисліть коефіцієнт кореляції Пірсона між Happiness Score, GDP per Capita. Для обчислення використайте фукнцію PEARSON(). Напишіть висновок про те значення, яке отримали. Що це каже про дані? 6. Обчисліть кореляціяю Пірсона між Happiness Score і всіма рештою числовими значеннями, які потенційно на нього впливають. З яким показником найсильніший лінійний звʼязок у Happiness Score? Чи для вас це виглядає логічним? 7. Запишіть коротке відео використовуючи зручний онлайн сервіс Loom, на якому опишіть свої аналітичні висновки із презентацією результатів. Українською, але якщо хочете спробувати анлійською аби потренуватись - you are welcome. Це - обовʼязковий пункт цього завдання. На презентації має бути видно вас, видно екран і чути, як ви презентуєте результати невеличного дослідження. Відео оцінюється в 2 бали. оцінюємо інформативність, зрозумілість і загальне враження (чи все чисто і охайно як в звіті, так і на відео, чи добре вас видно).

Sheet Сирі дані
A1: Country | B1: Continent/Region | C1: Year | D1: Happiness Score | E1: GDP per Capita | F1: Headline Consumer Price Inflation | G1: Energy Consumer Price Inflation | H1: Food Consumer Price Inflation | I1: Official Core Consumer Price Inflation | J1: Producer Price Inflation | K1: GDP deflator Index growth rate | L1: Social support | M1: Healthy life expectancy at birth | N1: Freedom to make life choices | O1: Generosity | P1: Perceptions of corruption
A2: Afghanistan | B2: South Asia | C2: 2015 | D2: 3.575 | E2: 0.31982 | F2: -0.66000003 | G2: -4.25 | H2: -0.83999997 | I2: 0.21999912 | K2: 2.6650903 | L2: 0.30285 | M2: 0.30335 | N2: 0.23414 | O2: 0.3651 | P2: 0.09719
A3: Afghanistan | B3: South Asia | C3: 2016 | D3: 3.36 | E3: 0.38227 | F3: 4.3800001 | G3: 2.0699999 | H3: 5.6700001 | I3: 5.1927602 | K3: -2.4095092 | L3: 0.11037 | M3: 0.17344 | N3: 0.1643 | O3: 0.31268 | P3: 0.07112
A4: Afghanistan | B4: South Asia | C4: 2017 | D4: 3.7939999 | E4: 0.40147722 | F4: 4.976 | G4: 4.4400001 | H4: 6.9400001 | I4: 5.4232275 | K4: 2.404 | L4: 0.58154333 | M4: 0.18074678 | N4: 0.10617952 | O4: 0.31187093 | P4: 0.06115783
A5: Afghanistan | B5: South Asia | C5: 2018 | D5: 3.632 | E5: 0.332 | F5: 0.63 | G5: 1.4741849 | H5: -1.0459524 | I5: -0.12603251 | K5: 2.0712082 | L5: 0.537 | M5: 0.255 | N5: 0.085 | O5: 0.191 | P5: 0.036
A6: Afghanistan | B6: South Asia | C6: 2019 | D6: 3.203 | E6: 0.35 | F6: 2.302 | G6: -2.4943588 | H6: 3.7947702 | K6: 6.520928 | L6: 0.517 | M6: 0.361 | N6: 0 | O6: 0.158 | P6: 0.025
A7: Afghanistan | B7: South Asia | C7: 2020 | D7: 2.5669 | E7: 0.30070585 | F7: 5.4429998 | H7: 5.8290052 | K7: 5.3071196 | L7: 0.35643384 | M7: 0.26605153 | N7: 0 | O7: 0.13523471 | P7: 0.001225785
A8: Afghanistan | B8: South Asia | C8: 2021 | D8: 2.523 | E8: 0.37 | F8: 5.062 | K8: 0.52451652 | L8: 0 | M8: 0.126 | N8: 0 | O8: 0.122 | P8: 0.01
A9: Afghanistan | B9: South Asia | C9: 2022 | D9: 2.404 | E9: 0.758 | F9: 10.6 | K9: 5.4750714 | L9: 0 | M9: 0.289 | N9: 0 | O9: 0.089 | P9: 0.005
A10: Afghanistan | B10: South Asia | C10: 2023 | D10: 1.859 | E10: 0.645 | L10: 0 | M10: 0.087 | N10: 0 | O10: 0.093 | P10: 0.059
A11: Albania | B11: Central and Eastern Europe | C11: 2015 | D11: 4.959 | E11: 0.87867 | F11: 1.9101791 | G11: -0.51999998 | H11: 4.3194895 | I11: -0.15695719 | K11: 0.5642782 | L11: 0.80434 | M11: 0.81325 | N11: 0.35733 | O11: 0.14272 | P11: 0.06413
A12: Albania | B12: Central and Eastern Europe | C12: 2016 | D12: 4.655 | E12: 0.9553 | F12: 1.2912338 | G12: 0.039999999 | H12: 3.2491877 | I12: 0.15138157 | J12: -1.6133035 | K12: -0.63240499 | L12: 0.50163 | M12: 0.73007 | N12: 0.31866 | O12: 0.1684 | P12: 0.05301
A13: Albania | B13: Central and Eastern Europe | C13: 2017 | D13: 4.6440001 | E13: 0.99619275 | F13: 1.987 | G13: 1 | H13: 3.9054298 | I13: 0.819713 | J13: 2.8422458 | K13: 1.4509361 | L13: 0.80368525 | M13: 0.73115975 | N13: 0.38149863 | O13: 0.20131294 | P13: 0.039864216
A14: Albania | B14: Central and Eastern Europe | C14: 2018 | D14: 4.586 | E14: 0.916 | F14: 2.03 | G14: 2.8 | H14: 2.6714315 | I14: 0.92837429 | J14: 1.602622 | K14: 1.3594644 | L14: 0.817 | M14: 0.79 | N14: 0.419 | O14: 0.149 | P14: 0.032
A15: Albania | B15: Central and Eastern Europe | C15: 2019 | D15: 4.719 | E15: 0.947 | F15: 1.411 | G15: 0.68900985 | H15: 2.911938 | I15: 0.73537815 | J15: -0.79672098 | K15: 0.36341733 | L15: 0.848 | M15: 0.874 | N15: 0.383 | O15: 0.178 | P15: 0.027
A16: Albania | B16: Central and Eastern Europe | C16: 2020 | D16: 4.8827 | E16: 0.90665305 | F16: 1.6208866 | G16: 1.4200893 | H16: 3.6074543 | I16: 1.4114063 | J16: -3.4326388 | K16: 1.4133958 | L16: 0.83048391 | M16: 0.84632963 | N16: 0.46194589 | O16: 0.17102776 | P16: 0.025361285
A17: Albania | B17: Central and Eastern Europe | C17: 2021 | D17: 5.117 | E17: 1.008 | F17: 2.0414716 | G17: 2.7 | H17: 3.9 | I17: 1.6793293 | J17: 2.6989083 | K17: 5.9280138 | L17: 0.529 | M17: 0.646 | N17: 0.491 | O17: 0.168 | P17: 0.024
A18: Albania | B18: Central and Eastern Europe | C18: 2022 | D18: 5.199 | E18: 1.439 | F18: 6.7252027 | G18: 14.216085 | H18: 11.203514 | I18: 6.501041 | J18: 19.937537 | K18: 9.6517633 | L18: 0.646 | M18: 0.719 | N18: 0.511 | O18: 0.138 | P18: 0.028
A19: Albania | B19: Central and Eastern Europe | C19: 2023 | D19: 5.277 | E19: 1.449 | F19: 5.5652239 | G19: -5.0686364 | I19: 5.2225313 | K19: 5.1942693 | L19: 0.951 | M19: 0.48 | N19: 0.549 | O19: 0.133 | P19: 0.037
A20: Algeria | B20: Middle East and North Africa | C20: 2015 | D20: 5.605 | E20: 0.93929 | F20: 4.3916664 | G20: 1.7503198 | H20: 3.604882 | J20: 2.2497056 | K20: -6.4556358 | L20: 1.07772 | M20: 0.61766 | N20: 0.28579 | O20: 0.07822 | P20: 0.17383
A21: Algeria | B21: Middle East and North Africa | C21: 2016 | D21: 6.355 | E21: 1.05266 | F21: 5.8003039 | G21: 5.9810543 | H21: 2.6168447 | J21: 4.1193409 | K21: 1.5487295 | L21: 0.83309 | M21: 0.61804 | N21: 0.21006 | O21: 0.07044 | P21: 0.16157
A22: Algeria | B22: Middle East and North Africa | C22: 2017 | D22: 5.8720002 | E22: 1.0918645 | F22: 5.591 | G22: 2.8017797 | H22: 5.6054001 | J22: 1.8786095 | K22: 6.3908369 | L22: 1.1462175 | M22: 0.61758465 | N22: 0.23333581 | O22: 0.069436647 | P22: 0.14609611
A23: Algeria | B23: Middle East and North Africa | C23: 2018 | D23: 5.295 | E23: 0.979 | F23: 3.51 | G23: 1.2388263 | H23: 1.7412293 | J23: 4.0810566 | K23: 7.0647866 | L23: 1.154 | M23: 0.687 | N23: 0.077 | O23: 0.055 | P23: 0.135
A24: Algeria | B24: Middle East and North Africa | C24: 2019 | D24: 5.211 | E24: 1.002 | F24: 1.952 | G24: 1.425144 | H24: 0.64319569 | J24: 2.6372888 | K24: -0.90998946 | L24: 1.16 | M24: 0.785 | N24: 0.086 | O24: 0.073 | P24: 0.114
A25: Algeria | B25: Middle East and North Africa | C25: 2020 | D25: 5.0050998 | E25: 0.943856 | F25: 2.4151309 | G25: 1.3897383 | H25: 0.22050305 | K25: -4.6866948 | L25: 1.1430036 | M25: 0.74541855 | N25: 0.083943799 | O25: 0.11891501 | P25: 0.12919065
A26: Algeria | B26: Middle East and North Africa | C26: 2021 | D26: 4.887 | E26: 0.946 | F26: 7.2260631 | G26: 1.47 | H26: 10.13 | J26: 7.4329045 | K26: 15.736744 | L26: 0.765 | M26: 0.552 | N26: 0.119 | O26: 0.144 | P26: 0.12
A27: Algeria | B27: Middle East and North Africa | C27: 2022 | D27: 5.122 | E27: 1.363 | F27: 9.2655155 | G27: 2.4020968 | H27: 12.7019 | K27: 15.567649 | L27: 0.97 | M27: 0.643 | N27: 0.146 | O27: 0.106 | P27: 0.15
A28: Algeria | B28: Middle East and North Africa | C28: 2023 | D28: 5.329 | E28: 1.353 | F28: 9.3221738 | G28: 1.4879778 | H28: 13.256373 | K28: -0.42962924 | L28: 1.298 | M28: 0.409 | N28: 0.252 | O28: 0.073 | P28: 0.152
A29: Angola | B29: Sub-Saharan Africa | C29: 2015 | D29: 4.033 | E29: 0.75778 | F29: 9.1590004 | H29: 9.2964697 | J29: 9.1711226 | K29: -3.5183903 | L29: 0.8604 | M29: 0.16683 | N29: 0.10384 | O29: 0.12344 | P29: 0.07122
A30: Angola | B30: Sub-Saharan Africa | C30: 2016 | D30: 3.866 | E30: 0.84731 | F30: 32.377731 | H30: 21.2355 | J30: 20.392229 | K30: 21.7743 | L30: 0.66366 | M30: 0.04991 | N30: 0.00589 | O30: 0.12071 | P30: 0.08434
A31: Angola | B31: Sub-Saharan Africa | C31: 2017 | D31: 3.7950001 | E31: 0.85842818 | F31: 29.844 | H31: 40.986217 | J31: 23.023481 | K31: 22.617828 | L31: 1.104412 | M31: 0.049868666 | N31: 0 | O31: 0.09792649 | P31: 0.069720335
A32: Angola | B32: Sub-Saharan Africa | C32: 2018 | D32: 3.795 | E32: 0.73 | F32: 19.63 | H32: 22.350267 | J32: 16.090868 | K32: 33.762011 | L32: 1.125 | M32: 0.269 | N32: 0 | O32: 0.079 | P32: 0.061
A33: Argentina | B33: Latin America and Caribbean | C33: 2015 | D33: 6.574 | E33: 1.05351 | F33: 26.538401 | K33: 26.579992 | L33: 1.24823 | M33: 0.78723 | N33: 0.44974 | O33: 0.11451 | P33: 0.08484
A34: Argentina | B34: Latin America and Caribbean | C34: 2016 | D34: 6.65 | E34: 1.15137 | F34: 39.400002 | H34: 49.432299 | K34: 41.119381 | L34: 1.06612 | M34: 0.69711 | N34: 0.42284 | O34: 0.10989 | P34: 0.07296
A35: Argentina | B35: Latin America and Caribbean | C35: 2017 | D35: 6.599 | E35: 1.1852955 | F35: 25.675 | H35: 20.36 | J35: 16.26404 | K35: 26.006378 | L35: 1.4404511 | M35: 0.69513708 | N35: 0.4945192 | O35: 0.10945706 | P35: 0.059739888
A36: Argentina | B36: Latin America and Caribbean | C36: 2018 | D36: 6.388 | E36: 1.073 | F36: 34.28 | G36: 52.759998 | H36: 32.738937 | J36: 52.216434 | K36: 40.012154 | L36: 1.468 | M36: 0.744 | N36: 0.57 | O36: 0.062 | P36: 0.054
A37: Argentina | B37: Latin America and Caribbean | C37: 2019 | D37: 6.086 | E37: 1.092 | F37: 53.548 | G37: 49.280769 | H37: 58.344105 | J37: 58.310783 | K37: 50.622581 | L37: 1.432 | M37: 0.881 | N37: 0.471 | O37: 0.066 | P37: 0.05
A38: Argentina | B38: Latin America and Caribbean | C38: 2020 | D38: 5.9747 | E38: 1.0284656 | F38: 42.015095 | G38: 19.946911 | H38: 46.970287 | J38: 42.507 | K38: 39.840848 | L38: 1.3725437 | M38: 0.84977371 | N38: 0.52084035 | O38: 0.070100471 | P38: 0.060415059
A39: Argentina | B39: Latin America and Caribbean | C39: 2021 | D39: 5.929 | E39: 1.162 | F39: 48.40938 | G39: 26.23 | H39: 49.846 | J39: 59.085495 | K39: 54.152412 | L39: 0.98 | M39: 0.646 | N39: 0.544 | O39: 0.069 | P39: 0.067
A40: Argentina | B40: Latin America and Caribbean | C40: 2022 | D40: 5.967 | E40: 1.592 | F40: 72.43076 | G40: 51.398287 | H40: 74.63056 | J40: 60.273346 | K40: 41.066531 | L40: 1.102 | M40: 0.662 | N40: 0.555 | O40: 0.081 | P40: 0.085
A41: Argentina | B41: Latin America and Caribbean | C41: 2023 | D41: 6.024 | E41: 1.59 | F41: 128.41471 | G41: 110.88389 | H41: 144.44015 | J41: 128.47664 | K41: 112.26494 | L41: 1.388 | M41: 0.427 | N41: 0.587 | O41: 0.088 | P41: 0.082
A42: Armenia | B42: Central and Eastern Europe | C42: 2015 | D42: 4.35 | E42: 0.76821 | F42: 3.7309999 | G42: 38.98 | H42: 27.85 | I42: 5.1425108 | J42: -0.76964909 | K42: 1.1607673 | L42: 0.77711 | M42: 0.7299 | N42: 0.19847 | O42: 0.07855 | P42: 0.039
A43: Armenia | B43: Central and Eastern Europe | C43: 2016 | D43: 4.36 | E43: 0.86086 | F43: -1.406 | G43: -23.879999 | H43: -22.030001 | I43: -2.0220337 | J43: 1.5113158 | K43: 0.2740274 | L43: 0.62477 | M43: 0.64083 | N43: 0.14037 | O43: 0.07793 | P43: 0.03616
A44: Armenia | B44: Central and Eastern Europe | C44: 2017 | D44: 4.3759999 | E44: 0.90059674 | F44: 1.031 | G44: -4.6366822 | H44: 3.9871132 | I44: 0.69570027 | J44: 2.1584425 | K44: 2.1337004 | L44: 1.0074837 | M44: 0.63752443 | N44: 0.19830327 | O44: 0.083488092 | P44: 0.026674422
A45: Armenia | B45: Central and Eastern Europe | C45: 2018 | D45: 4.321 | E45: 0.816 | F45: 2.52 | G45: 0.17964626 | H45: 2.3362267 | I45: 3.7044859 | J45: 0.082490899 | K45: 2.7629309 | L45: 0.99 | M45: 0.666 | N45: 0.26 | O45: 0.077 | P45: 0.028
A46: Armenia | B46: Central and Eastern Europe | C46: 2019 | D46: 4.559 | E46: 0.85 | F46: 1.443 | G46: 0.4849413 | H46: 1.8686297 | I46: 1.1661735 | J46: 0.63066477 | K46: 1.4798953 | L46: 1.055 | M46: 0.815 | N46: 0.283 | O46: 0.095 | P46: 0.064
A47: Armenia | B47: Central and Eastern Europe | C47: 2020 | D47: 4.6767998 | E47: 0.80826241 | F47: 1.2114358 | G47: 0.89319622 | H47: 0.26999128 | I47: 1.296061 | J47: 2.97596 | K47: 1.8453663 | L47: 1.0345769 | M47: 0.77585727 | N47: 0.37807581 | O47: 0.10722574 | P47: 0.10461818
A48: Armenia | B48: Central and Eastern Europe | C48: 2021 | D48: 5.283 | E48: 0.996 | F48: 7.1848363 | G48: 1.28 | H48: 11.21 | I48: 7.2321676 | J48: 9.8664393 | K48: 6.8667407 | L48: 0.758 | M48: 0.585 | N48: 0.54 | O48: 0.079 | P48: 0.198
A49: Armenia | B49: Central and Eastern Europe | C49: 2022 | D49: 5.399 | E49: 1.434 | F49: 8.6409111 | G49: 6.2510134 | H49: 12.113491 | I49: 8.2781986 | J49: 2.6810772 | K49: 6.8831649 | L49: 0.82 | M49: 0.668 | N49: 0.558 | O49: 0.054 | P49: 0.21
A50: Armenia | B50: Central and Eastern Europe | C50: 2023 | D50: 5.342 | E50: 1.466 | F50: 1.9804188 | H50: -0.49481988 | I50: 2.5 | J50: 1.5881226 | K50: 2.818734 | L50: 1.134 | M50: 0.443 | N50: 0.551 | O50: 0.053 | P50: 0.16
A51: Australia | B51: North America and ANZ | C51: 2015 | D51: 7.284 | E51: 1.33358 | F51: 1.5083679 | G51: 2.54 | H51: 0.92120916 | I51: 2.462425 | J51: -4.9417914 | K51: -0.67991858 | L51: 1.30923 | M51: 0.93156 | N51: 0.65124 | O51: 0.43562 | P51: 0.35637
A52: Australia | B52: North America and ANZ | C52: 2016 | D52: 7.313 | E52: 1.44443 | F52: 1.2769928 | G52: 1.6799999 | H52: 0.8167246 | I52: 1.812424 | J52: -1.4329751 | K52: 0.99306706 | L52: 1.10476 | M52: 0.8512 | N52: 0.56837 | O52: 0.47407 | P52: 0.32331
A53: Australia | B53: North America and ANZ | C53: 2017 | D53: 7.2839999 | E53: 1.4844149 | F53: 1.972 | G53: 2.8900001 | H53: 0.71479625 | I53: 1.604483 | J53: 8.4946327 | K53: 3.6277483 | L53: 1.510042 | M53: 0.84388679 | N53: 0.60160738 | O53: 0.47769925 | P53: 0.30118373
A54: Australia | B54: North America and ANZ | C54: 2018 | D54: 7.272 | E54: 1.34 | F54: 1.91 | G54: 2.3457322 | H54: 0.96994925 | I54: 1.269041 | J54: 5.211904 | K54: 2.2539788 | L54: 1.573 | M54: 0.91 | N54: 0.647 | O54: 0.361 | P54: 0.302
A55: Australia | B55: North America and ANZ | C55: 2019 | D55: 7.228 | E55: 1.372 | F55: 1.61 | G55: -1.2121429 | H55: 4.4828939 | I55: 0.6798787 | J55: 1.0144391 | K55: 3.316628 | L55: 1.548 | M55: 1.036 | N55: 0.557 | O55: 0.332 | P55: 0.29
A56: Australia | B56: North America and ANZ | C56: 2020 | D56: 7.2227998 | E56: 1.3103964 | F56: 0.84690554 | G56: -0.12327923 | H56: 9.2792131 | I56: -0.004077226 | J56: -3.7091336 | K56: 0.85183578 | L56: 1.4771463 | M56: 1.0226077 | N56: 0.62187719 | O56: 0.32497361 | P56: 0.33599642
A57: Australia | B57: North America and ANZ | C57: 2021 | D57: 7.183 | E57: 1.453 | F57: 2.82 | G57: 10.93195 | H57: 7.91 | I57: 1.406068 | J57: 5.74 | K57: 2.8008998 | L57: 1.076 | M57: 0.801 | N57: 0.647 | O57: 0.291 | P57: 0.317
A58: Australia | B58: North America and ANZ | C58: 2022 | D58: 7.162 | E58: 1.9 | F58: 6.594097 | G58: 15.457325 | H58: 8.1667 | I58: 5.545571 | J58: 9.8827841 | K58: 7.3648046 | L58: 1.203 | M58: 0.772 | N58: 0.676 | O58: 0.258 | P58: 0.341
A59: Australia | B59: North America and ANZ | C59: 2023 | D59: 7.095 | E59: 1.899 | F59: 5.5970149 | G59: 7.1534463 | H59: 6.5810369 | I59: 5.309686 | K59: 3.7123175 | L59: 1.497 | M59: 0.532 | N59: 0.677 | O59: 0.242 | P59: 0.31
A60: Austria | B60: Western Europe | C60: 2015 | D60: 7.2 | E60: 1.33723 | F60: 0.89656472 | G60: 1.1900001 | H60: 0.83185977 | I60: 1.845618 | J60: -1.477982 | K60: 2.3007437 | L60: 1.29704 | M60: 0.89042 | N60: 0.62433 | O60: 0.33088 | P60: 0.18676
A61: Austria | B61: Western Europe | C61: 2016 | D61: 7.119 | E61: 1.45038 | F61: 0.89159596 | G61: 0.82999998 | H61: 0.73332977 | I61: 1.466789 | J61: -1.8251342 | K61: 1.848 | L61: 1.08383 | M61: 0.80565 | N61: 0.54355 | O61: 0.32865 | P61: 0.21348
A62: Austria | B62: Western Europe | C62: 2017 | D62: 7.006 | E62: 1.4870973 | F62: 2.23 | G62: 1.73 | H62: 2.3659885 | I62: 1.971253 | J62: 1.9609631 | K62: 0.86108711 | L62: 1.459945 | M62: 0.81532842 | N62: 0.56776619 | O62: 0.31647232 | P62: 0.22106037
A63: Austria | B63: Western Europe | C63: 2018 | D63: 7.139 | E63: 1.341 | F63: 2 | G63: 2.28 | H63: 1.5193137 | I63: 1.812324 | J63: 2.3811395 | K63: 1.7133122 | L63: 1.504 | M63: 0.891 | N63: 0.617 | O63: 0.242 | P63: 0.224
A64: Austria | B64: Western Europe | C64: 2019 | D64: 7.246 | E64: 1.376 | F64: 1.49 | G64: 0.89682478 | H64: 1.0189461 | I64: 1.653481 | J64: 0.10569886 | K64: 1.7265636 | L64: 1.475 | M64: 1.016 | N64: 0.532 | O64: 0.244 | P64: 0.226
A65: Austria | B65: Western Europe | C65: 2020 | D65: 7.2941999 | E65: 1.3172855 | F65: 1.3819106 | G65: 2.4005304 | H65: 2.3324124 | I65: 1.899783 | J65: -1.5923258 | K65: 1.1271157 | L65: 1.4374449 | M65: 1.0009335 | N65: 0.60336888 | O65: 0.25550976 | P65: 0.28125614
A66: Austria | B66: Western Europe | C66: 2021 | D66: 7.268 | E66: 1.492 | F66: 2.766667 | G66: 12.25 | H66: 0.783 | I66: 2.15 | J66: 7.9494799 | K66: 1.9434075 | L66: 1.062 | M66: 0.782 | N66: 0.64 | O66: 0.215 | P66: 0.292
A67: Austria | B67: Western Europe | C67: 2022 | D67: 7.163 | E67: 1.931 | F67: 8.54687 | G67: 39.057484 | H67: 10.74824 | I67: 5.4794797 | J67: 9.5281792 | K67: 4.737828 | L67: 1.165 | M67: 0.774 | N67: 0.623 | O67: 0.193 | P67: 0.329
A68: Austria | B68: Western Europe | C68: 2023 | D68: 7.097 | E68: 1.927 | F68: 7.8141342 | G68: 6.1952729 | H68: 10.97423 | I68: 7.740555 | J68: 1.8222439 | K68: 7.6152117 | L68: 1.382 | M68: 0.535 | N68: 0.63 | O68: 0.191 | P68: 0.31
A69: Azerbaijan | B69: Central and Eastern Europe | C69: 2015 | D69: 5.212 | E69: 1.02389 | F69: 4.0329375 | G69: -1.6230325 | H69: 6.0707998 | I69: 3.9831816 | J69: -30.579645 | K69: -8.8096385 | L69: 0.93793 | M69: 0.64045 | N69: 0.3703 | O69: 0.07799 | P69: 0.16065
A70: Azerbaijan | B70: Central and Eastern Europe | C70: 2016 | D70: 5.291 | E70: 1.12373 | F70: 12.440555 | G70: 7.2600002 | H70: 14.7492 | I70: 4.1396769 | J70: 27.542227 | K70: 14.628581 | L70: 0.76042 | M70: 0.54504 | N70: 0.35327 | O70: 0.0564 | P70: 0.17914
A71: Azerbaijan | B71: Central and Eastern Europe | C71: 2017 | D71: 5.2340002 | E71: 1.1536018 | F71: 12.844 | G71: 19.562085 | H71: 16.520918 | I71: -0.09196416 | J71: 36.801842 | K71: 16.226168 | L71: 1.1524003 | M71: 0.54077578 | N71: 0.39815584 | O71: 0.04526934 | P71: 0.18098751
... A73: Azerbaijan | B73: Central and Eastern Europe | C73: 2019 | D73: 5.208 | E73: 1.043 | F73: 2.7119999 | G73: -0.14627325 | H73: 3.6921437 | I73: -1.8426723 | J73: 3.2280118 | K73: -0.22955754 | L73: 1.147 | M73: 0.769 | N73: 0.351 | O73: 0.035 | P73: 0.182
A74: Azerbaijan | B74: Central and Eastern Europe | C74: 2020 | D74: 5.1648002 | E74: 0.9902727 | F74: 2.7598095 | G74: 1.5173289 | H74: 4.8147206 | J74: -24.799995 | K74: -7.3481343 | L74: 1.180613 | M74: 0.73113406 | N74: 0.46773472 | O74: 0.040113214 | P74: 0.24730718
A75: Azerbaijan | B75: Central and Eastern Europe | C75: 2021 | D75: 5.171 | E75: 1.025 | F75: 6.6502991 | G75: 15.68 | H75: 8.16 | J75: 69.59897 | K75: 21.156929 | L75: 0.841 | M75: 0.541 | N75: 0.526 | O75: 0.043 | P75: 0.276
A76: Azerbaijan | B76: Central and Eastern Europe | C76: 2022 | D76: 5.173 | E76: 1.458 | F76: 13.852259 | G76: 14.017075 | H76: -8.4019589 | J76: 84.305852 | K76: 38.483153 | L76: 1.093 | M76: 0.56 | N76: 0.601 | O76: 0.023 | P76: 0.341
A77: Bahrain | B77: Middle East and North Africa | C77: 2015 | D77: 5.96 | E77: 1.32376 | F77: 1.8358965 | G77: 4.6100001 | H77: 2.4198155 | K77: -9.254994 | L77: 1.21624 | M77: 0.74716 | N77: 0.45492 | O77: 0.17362 | P77: 0.306
A78: Bahrain | B78: Middle East and North Africa | C78: 2016 | D78: 6.218 | E78: 1.44024 | F78: 2.7997124 | G78: 3.03 | H78: 1.2912054 | K78: 0.24689895 | L78: 0.94397 | M78: 0.65696 | N78: 0.47375 | O78: 0.17147 | P78: 0.25772
A79: Bahrain | B79: Middle East and North Africa | C79: 2017 | D79: 6.0869999 | E79: 1.4884123 | F79: 1.387 | G79: 3.48 | H79: 1.0089524 | K79: 5.5188856 | L79: 1.3231105 | M79: 0.65313303 | N79: 0.53674692 | O79: 0.17266849 | P79: 0.25704217
A80: Bahrain | B80: Middle East and North Africa | C80: 2018 | D80: 6.105 | E80: 1.338 | F80: 2.08 | G80: 1.24 | H80: 2.1212544 | K80: 4.3507488 | L80: 1.366 | M80: 0.698 | N80: 0.594 | O80: 0.243 | P80: 0.123
A81: Bahrain | B81: Middle East and North Africa | C81: 2019 | D81: 6.199 | E81: 1.362 | F81: 1 | G81: 2.8731575 | H81: 2.378758 | K81: 0.18431036 | L81: 1.368 | M81: 0.871 | N81: 0.536 | O81: 0.255 | P81: 0.11
A82: Bahrain | B82: Middle East and North Africa | C82: 2020 | D82: 6.2273002 | E82: 1.2966923 | F82: -2.3177063 | G82: -2.6125877 | H82: 3.5462039 | K82: -6.8524836 | L82: 1.3153237 | M82: 0.83883637 | N82: 0.6103999 | O82: 0.28745371 | P82: 0.12669726
A83: Bahrain | B83: Middle East and North Africa | C83: 2021 | D83: 6.647 | E83: 1.409 | F83: -0.60631939 | G83: -1.26 | H83: -0.08 | K83: 9.5013012 | L83: 0.899 | M83: 0.662 | N83: 0.661 | O83: 0.246 | P83: 0.139
A84: Bahrain | B84: Middle East and North Africa | C84: 2022 | D84: 6.647 | E84: 1.854 | F84: 3.625741 | G84: -0.94220493 | H84: 9.9856525 | K84: 7.7958656 | L84: 1.029 | M84: 0.625 | N84: 0.693 | O84: 0.199 | P84: 0.155
A85: Bahrain | B85: Middle East and North Africa | C85: 2023 | D85: 6.173 | E85: 1.883 | F85: 0.17829383 | G85: 0.25815327 | H85: 6.0484449 | K85: -6.3234395 | L85: 1.269 | M85: 0.389 | N85: 0.748 | O85: 0.199 | P85: 0.138
A86: Bangladesh | B86: South Asia | C86: 2015 | D86: 4.694 | E86: 0.39753 | F86: 6.1859426 | G86: 3.3078222 | H86: 6.0500002 | K86: 5.8725248 | L86: 0.43106 | M86: 0.60164 | N86: 0.4082 | O86: 0.21222 | P86: 0.12569
A87: Bangladesh | B87: South Asia | C87: 2016 | D87: 4.643 | E87: 0.54177 | F87: 5.505753 | G87: 9.1909237 | H87: 4.5100002 | K87: 6.7281949 | L87: 0.24749 | M87: 0.52989 | N87: 0.39778 | O87: 0.19132 | P87: 0.12583
A88: Bangladesh | B88: South Asia | C88: 2017 | D88: 4.6079998 | E88: 0.58668297 | F88: 5.611 | G88: 4.2419062 | H88: 7.1700001 | J88: 3.5681903 | K88: 6.2785528 | L88: 0.73513174 | M88: 0.53324103 | N88: 0.47835666 | O88: 0.17225535 | P88: 0.12371786
A89: Bangladesh | B89: South Asia | C89: 2018 | D89: 4.5 | E89: 0.532 | F89: 5.55 | G89: 2.0207918 | H89: 6.21 | J89: 4.4466581 | K89: 5.5972405 | L89: 0.85 | M89: 0.579 | N89: 0.58 | O89: 0.153 | P89: 0.144
A90: Bangladesh | B90: South Asia | C90: 2019 | D90: 4.456 | E90: 0.562 | F90: 5.4749999 | G90: 5.127192 | H90: 5.5598822 | J90: 0.98538661 | K90: 4.4591543 | L90: 0.928 | M90: 0.723 | N90: 0.527 | O90: 0.166 | P90: 0.143
A91: Bangladesh | B91: South Asia | C91: 2020 | D91: 4.8327999 | E91: 0.55615628 | F91: 5.6910747 | G91: 6.6618115 | H91: 5.7730823 | J91: 1.1053472 | K91: 5.1495277 | L91: 0.86880058 | M91: 0.69494051 | N91: 0.60413057 | O91: 0.17674512 | P91: 0.17673591
A92: Bangladesh | B92: South Asia | C92: 2021 | D92: 5.025 | E92: 0.635 | F92: 5.3066764 | G92: 1.08 | H92: 5.3 | J92: 5.5035281 | K92: 4.1211754 | L92: 0.52 | M92: 0.514 | N92: 0.603 | O92: 0.161 | P92: 0.164
A93: Bangladesh | B93: South Asia | C93: 2022 | D93: 5.155 | E93: 1.06 | F93: 7.6969544 | G93: 4.7540395 | H93: 7.3678709 | J93: 5.000808 | K93: 4.1216346 | L93: 0.614 | M93: 0.581 | N93: 0.622 | O93: 0.125 | P93: 0.187
A94: Bangladesh | B94: South Asia | C94: 2023 | D94: 4.282 | E94: 1.133 | F94: 9.7833341 | G94: 8.4366892 | H94: 10.507981 | J94: 5.9904901 | K94: 5.4204208 | L94: 0.513 | M94: 0.355 | N94: 0.617 | O94: 0.139 | P94: 0.165
A95: Belarus | B95: Central and Eastern Europe | C95: 2015 | D95: 5.813 | E95: 1.03192 | F95: 13.476087 | G95: -1.6 | H95: 12.2071 | I95: 12.176555 | J95: -0.53874845 | K95: 16.02248 | L95: 1.23289 | M95: 0.73608 | N95: 0.37938 | O95: 0.11046 | P95: 0.1909
A96: Belarus | B96: Central and Eastern Europe | C96: 2016 | D96: 5.802 | E96: 1.13062 | F96: 11.802736 | G96: 4.5500002 | H96: 10.5908 | I96: 10.923608 | J96: -1.2416667 | K96: 8.3521415 | L96: 1.04993 | M96: 0.63104 | N96: 0.29091 | O96: 0.13942 | P96: 0.17457
A97: Belarus | B97: Central and Eastern Europe | C97: 2017 | D97: 5.5689998 | E97: 1.1565576 | F97: 6.032 | G97: 8.5130142 | H97: 7.0156965 | I97: 5.3690615 | J97: 1.9407645 | K97: 8.61462 | L97: 1.4449452 | M97: 0.63771427 | N97: 0.29540026 | O97: 0.15513751 | P97: 0.15631382
A98: Belarus | B98: Central and Eastern Europe | C98: 2018 | D98: 5.483 | E98: 1.039 | F98: 4.87 | G98: 12.453531 | H98: 4.0569305 | I98: 3.5838325 | J98: 1.8624286 | K98: 12.151629 | L98: 1.498 | M98: 0.7 | N98: 0.307 | O98: 0.101 | P98: 0.154
A99: Belarus | B99: Central and Eastern Europe | C99: 2019 | D99: 5.323 | E99: 1.067 | F99: 5.5999999 | G99: 10.15949 | H99: 6.3625001 | I99: 4.6294241 | J99: 0.94262961 | K99: 8.577 | L99: 1.465 | M99: 0.789 | N99: 0.235 | O99: 0.094 | P99: 0.142
A100: Belarus | B100: Central and Eastern Europe | C100: 2020 | D100: 5.5398998 | E100: 1.0188545 | F100: 5.5481436 | G100: 7.9899688 | H100: 4.2719341 | I100: 4.619709 | J100: -0.75672194 | K100: 10.100666 | L100: 1.3871393 | M100: 0.75258857 | N100: 0.29075587 | O100: 0.08993306 | P100: 0.19360743
A101: Belarus | B101: Central and Eastern Europe | C101: 2021 | D101: 5.534 | E101: 1.124 | F101: 9.4602839 | G101: 10.24 | H101: 9.62 | I101: 9.3424642 | J101: 12.242252 | K101: 13.05042 | L101: 1.007 | M101: 0.56 | N101: 0.326 | O101: 0.07 | P101: 0.199
...

Sheet Statistics
A1: Описова статистика показників Happiness Score, GDP per Capita
B3: Happiness Score | C3: GDP per Capita
A4: Арифметичне середнє | B4: =AVERAGE('Сирі дані'!D2:D1233) -> 5.4990006 | C4: =AVERAGE('Сирі дані'!E2:E1233) -> 1.0307665
A5: Медіана | B5: =MEDIAN('Сирі дані'!D2:D1233) -> 5.5389499 | C5: =MEDIAN('Сирі дані'!E2:E1233) -> 1.0515
A6: Мода | B6: =MODE('Сирі дані'!D2:D1233) -> 6.125 | C6: =MODE('Сирі дані'!E2:E1233) -> 0
A7: Min | B7: =MIN('Сирі дані'!D2:D1233) -> 1.859 | C7: =MIN('Сирі дані'!E2:E1233) -> 0
A8: Max | B8: =MAX('Сирі дані'!D2:D1233) -> 7.842 | C8: =MAX('Сирі дані'!E2:E1233) -> 2.209
A9: Діапазон | B9: =MAX(B8)-MIN(B7) -> 5.983 | C9: =MAX(C8)-MIN(C7) -> 2.209
A10: Дисперсія | B10: =VAR('Сирі дані'!D2:D1233) -> 1.2888213 | C10: =VAR('Сирі дані'!E2:E1233) -> 0.20451223
A11: Ст. відх. | B11: =STDEV('Сирі дані'!D2:D1233) -> 1.1352626 | C11: =STDEV('Сирі дані'!E2:E1233) -> 0.45223029
A13: Висновки: | B13: Для обох показників медіана зміщена праворуч, що важливо, бо вона не чутлива до викидів, які могли зменшити значення для середнього. Мода для Happiness Score помітно вища за середні показники, що говорить про переважання вищих рівнів щастя для більшості країн. Широкий діапазон розкиду даних показує помітну варіативність рівня щастя між країнами, і так само - суттєве розсіювання для показника ВВП. Дисперсія для Happiness Score та GDP per Capita не є великою, тобто їх значення доволі скупчені навколо середнього. А стандартне відхилення каже, що варіація даних невелика, проте для індексу щастя вона трохи більша, аніж для ВВП, як і було видно з дисперсії.
A39: Висновки: | B39: Гістограми підтвердили попередні висновки. Значення індексу щастя на гістограмі зміщені праворуч -це означає меншу кількість країн з низьким індексом щастя. Гісторгама для ВВП навпаки зміщена ліворуч - менша кількість країн з дуже високим ВВП на душу населення. Тобто значення для індексу щастя тяжіють до більших величин, а от ВВП до менших. Хоча саме дуже низькі чи дуже високі значення (крайні значення) все ж зустрічаються рідше і для більшості країн характерні середні показники (наявна центральна тенденція).
A64: Висновки: | B64: Графік розсіювання демонструє наявність позитивного зв'язку між індексом щастя та ВВП. Можна сказати що іпроглядається певна тенденція — країни з вищим ВВП мають і вищий рівень щастя, що може свідчити про вплив економічного добробуту на відчуття благополуччя. Хоча трапляються окремі країни, які мають високий рівень щастя при невисокому ВВП, що свідчить про вплив нематеріальних факторів.
A69: коефіцієнт кореляції Пірсона між Happiness Score, GDP per Capita
A70: PEARSON() | B70: =PEARSON('Сирі дані'!$D$2:$D$1233, 'Сирі дані'!$E$2:$E$1233) -> 0.73968268
A72: Висновки: | B72: Оскільки кореляція Пірсона показує силу і напрямок зв'язку між 2 змінними ми тепер знаємо що між Happiness Score та GDP per Capita наявний сильний, прямий зв'язок. Але коефіцієнт таки не =1, тому можемо припускати, що окрім економічного фактору вплив на індекс щастя мають інші чинники.
A76: коефіцієнт кореляції Пірсона між Happiness Score та рештою показників:
A77: Headline Consumer Price Inflation | B77: =PEARSON('Сирі дані'!$D$2:$D$1233, 'Сирі дані'!$F$2:$F$1233) -> -0.19993888
A78: Energy Consumer Price Inflation | B78: =PEARSON('Сирі дані'!$D$2:$D$1233, 'Сирі дані'!$G$2:$G$1233) -> -0.13505193
A79: Food Consumer Price Inflation | B79: =PEARSON('Сирі дані'!$D$2:$D$1233, 'Сирі дані'!$H$2:$H$1233) -> -0.17171207
A80: Official Core Consumer Price Inflation | B80: =PEARSON('Сирі дані'!$D$2:$D$1233, 'Сирі дані'!$I$2:$I$1233) -> -0.22461333
A81: Producer Price Inflation | B81: =PEARSON('Сирі дані'!$D$2:$D$1233, 'Сирі дані'!$J$2:$J$1233) -> -0.07830013
A82: GDP deflator Index growth rate | B82: =PEARSON('Сирі дані'!$D$2:$D$1233, 'Сирі дані'!$K$2:$K$1233) -> -0.14387409
A83: Social support | B83: =PEARSON('Сирі дані'!$D$2:$D$1233, 'Сирі дані'!$L$2:$L$1233) -> 0.65757506
A84: Healthy life expectancy at birth | B84: =PEARSON('Сирі дані'!$D$2:$D$1233, 'Сирі дані'!$M$2:$M$1233) -> 0.70242203
A85: Freedom to make life choices | B85: =PEARSON('Сирі дані'!$D$2:$D$1233, 'Сирі дані'!$N$2:$N$1233) -> 0.56572299
A86: Generosity | B86: =PEARSON('Сирі дані'!$D$2:$D$1233, 'Сирі дані'!$O$2:$O$1233) -> 0.098285261
A87: Perceptions of corruption | B87: =PEARSON('Сирі дані'!$D$2:$D$1233, 'Сирі дані'!$P$2:$P$1233) -> 0.4364281
A89: Висновки: | B89: Група показників (Headline Consumer Price Inflation, Energy Consumer Price Inflation, Food Consumer Price Inflation, Official Core Consumer Price Inflation, Producer Price Inflation, GDP deflator Index growth rate) має обернений зв'язок із Happiness Score. Узагальнено цей зв'язок не надто суттєвий для всіх цих показників. При цьому найслабший із них - на індекс цін виробників, а найбільший - із Базовим рівнем інфляції без урахування енергії та продуктів харчування. 2 група показників які мають прямий зв'язок із Happiness Score: (Social support, Healthy life expectancy at birth, Freedom to make life choices, Generosity, Perceptions of corruption). На відміну від попередньої групи тут видно тісніші взщі взаємозв'язки. Виділяється лише Рівень щедрості в країні, який з індексом щастя майже не повязаний. А от найбільша кореляція виявилась між Індексом щастя та Очікуваною нормалізованою тривалістю здорового життя при народженні, та трохи менша із значенням Рівня соціальної підтримки, яку отримують громадяни від держави та сім’ї. ОТЖЕ, ми побачили, що вцілому Індекс щастя слабо пов'язаний із суто фінансовими показниками - як рівень інфляції чи то загальний рівень цін, але прямо і сильно корелює із більш соціально орієнтованими показниками на зразок соціальної підтримки та очікуваної тривалості життя.
A101: ВИСНОВКИ: | B101: Проведений аналіз показав, що між рівнем щастя та о-вними макроекономічними показниками існує лише частковий зв’язок. Хоча зростання ВВП на душу населення супроводжується підвищенням індексу щастя, економічне зростання не гарантує відчуття благополуччя. Найвагомішу роль відіграють все ж соціальні чинники — соціальна підтримка, свобода вибору та здоров’я. Саме вони забезпечують позитивний вплив на рівень щастя, а не фінансові показники.
A106: ВІДЕО
A107: https://www.loom.com/share/d73b5491c7c74f43b1a5d399f7459f1b
