Workbook

Sheet Опис даних
A1: У цьому домашньому завданні ми будемо працювати з набором даних, який об’єднує показники щастя та економічної стабільності у 148 країнах за період з 2015 по 2023 рік. Цей датасет створено на основі Індексу світового щастя (World Happiness Index, WHI) та макроекономічних показників, таких як ВВП і інфляція. Посилання на джерело даних: https://www.kaggle.com/datasets/agrafintech/world-happiness-index-and-inflation-dataset Увага! Дані в джерелі могли оновлюватись. У нас - перша версія цих даних. Дані розміщено на аркуші Raw. Мета використання набору — дослідити, як економічні умови впливають на добробут і щастя людей в різних регіонах світу. А наша з вами додаткова мета — попрактикуватись із статистичним аналізом даних. Вміст набору даних Набір даних наданий у форматі CSV і містить 17 колонок, які охоплюють: - Індекс щастя та рейтинг: - Happiness Score – загальний бал щастя - Happiness Rank – місце країни у світовому рейтингу щастя - Економічні показники: - GDP per capita – ВВП на душу населення - Inflation – рівень інфляції - Corruption Perception – сприйняття корупції - Соціальні чинники: - Freedom – рівень свободи - Social Support – підтримка з боку суспільства - Generosity – рівень щедрості - Географічна інформація: - Country – назва країни - Continent – континент, до якого належить країна - Year – рік спостереження

Sheet Завдання
A1: Завдання: 1. Створіть новий аркуш “Distribution check” На цьому аркуші побудуйте гістограми для трьох показників: - Social support - Freedom to make life choices - Perceptions of corruption На основі побудованих гістограм: - Зробіть припущення: чи схожий розподіл кожного з показників на нормальний? - Обґрунтуйте свої припущення у вигляді короткого текстового висновку під кожною гістограмою або на окремому аркуші "Аналітичні висновки". 2. Проведіть формальну перевірку нормальності розподілу для кожного показника Для цього використайте: - QQ plot - Обчисліть коефіцієнти Skewness (асиметрія) та Kurtosis (ексцес) для кожного показника. На основі отриманих графіків і чисел напишіть аналітичні висновки: - Чи підтверджують ці методи ваші припущення з попереднього пункту? - Чи можна вважати кожен показник нормально розподіленим? Оцінка за пункт — 3 бали 3. На який розподіл на ваш погляд схожий розподіл Perceptions of corruption? Як гадаєте, чому цей показник розподілений саме так?

Sheet Raw
A1: Country | B1: Year | C1: Happiness Rank | D1: Happiness Score | E1: GDP per Capita | F1: Social support | G1: Healthy life expectancy at birth | H1: Freedom to make life choices | I1: Generosity | J1: Perceptions of corruption | K1: Energy Consumer Price Inflation | L1: Food Consumer Price Inflation | M1: GDP deflator Index growth rate | N1: Headline Consumer Price Inflation | O1: Official Core Consumer Price Inflation | P1: Producer Price Inflation | Q1: Continent | S1: SORT_Social support | T1: Rank_Freedom | U1: Rank_Corruption | V1: Rank_Social support | W1: Rank_Freedom | X1: Rank_Corruption
A2: Afghanistan | B2: 2015 | C2: 153 | D2: 3.575 | E2: 0.31982 | F2: 0.30285 | G2: 0.30335 | H2: 0.23414 | I2: 0.3651 | J2: 0.09719 | K2: -4.25 | L2: -0.83999997 | M2: 2.6650903 | N2: -0.66000003 | O2: 0.21999912 | Q2: Asia | S2: {=SORT(F$2:F$1204)} -> 0 | T2: {=SORT(H$2:H$1204)} -> 0 | U2: {=SORT(J$2:J$1204)} -> 0
A3: Afghanistan | B3: 2016 | C3: 154 | D3: 3.36 | E3: 0.38227 | F3: 0.11037 | G3: 0.17344 | H3: 0.1643 | I3: 0.31268 | J3: 0.07112 | K3: 2.0699999 | L3: 5.6700001 | M3: -2.4095092 | N3: 4.3800001 | O3: 5.1927602 | Q3: Asia | S3: 0 | T3: 0 | U3: 0
A4: Afghanistan | B4: 2017 | C4: 141 | D4: 3.7939999 | E4: 0.40147722 | F4: 0.58154333 | G4: 0.18074678 | H4: 0.10617952 | I4: 0.31187093 | J4: 0.06115783 | K4: 4.4400001 | L4: 6.9400001 | M4: 2.404 | N4: 4.976 | O4: 5.4232275 | Q4: Asia | S4: 0 | T4: 0 | U4: 0
A5: Afghanistan | B5: 2018 | C5: 145 | D5: 3.632 | E5: 0.332 | F5: 0.537 | G5: 0.255 | H5: 0.085 | I5: 0.191 | J5: 0.036 | K5: 1.4741849 | L5: -1.0459524 | M5: 2.0712082 | N5: 0.63 | O5: -0.12603251 | Q5: Asia | S5: 0 | T5: 0 | U5: 0
A6: Afghanistan | B6: 2019 | C6: 154 | D6: 3.203 | E6: 0.35 | F6: 0.517 | G6: 0.361 | H6: 0 | I6: 0.158 | J6: 0.025 | K6: -2.4943588 | L6: 3.7947702 | M6: 6.520928 | N6: 2.302 | Q6: Asia | S6: 0 | T6: 0 | U6: 0
A7: Afghanistan | B7: 2020 | C7: 153 | D7: 2.5669 | E7: 0.30070585 | F7: 0.47036695 | G7: 52.59 | H7: 0.39657301 | I7: -0.0964294 | J7: 0.93368655 | L7: 5.8290052 | M7: 5.3071196 | N7: 5.4429998 | Q7: Asia | S7: 0 | T7: 0 | U7: 0
A8: Afghanistan | B8: 2021 | C8: 149 | D8: 2.523 | E8: 7.695 | F8: 0.463 | G8: 52.493 | H8: 0.382 | I8: -0.102 | J8: 0.924 | M8: 0.52451652 | N8: 5.062 | Q8: Asia | S8: 0.064 | T8: 0.00589 | U8: 0
A9: Afghanistan | B9: 2022 | C9: 146 | D9: 2.404 | E9: 0.758 | F9: 0 | G9: 0.289 | H9: 0 | I9: 0.089 | J9: 0.005 | M9: 5.4750714 | N9: 10.6 | Q9: Asia | S9: 0.10419 | T9: 0.01 | U9: 0.001
A10: Afghanistan | B10: 2023 | C10: 137 | D10: 1.859 | E10: 7.324 | F10: 0.341 | G10: 54.712 | H10: 0.382 | I10: -0.081 | J10: 0.847 | Q10: Asia | S10: 0.11037 | T10: 0.014995855 | U10: 0.00227
A11: Albania | B11: 2015 | C11: 95 | D11: 4.959 | E11: 0.87867 | F11: 0.80434 | G11: 0.81325 | H11: 0.35733 | I11: 0.14272 | J11: 0.06413 | K11: -0.51999998 | L11: 4.3194895 | M11: 0.5642782 | N11: 1.9101791 | O11: -0.15695719 | Q11: Europe | S11: 0.13995 | T11: 0.016 | U11: 0.00322
A12: Albania | B12: 2016 | C12: 109 | D12: 4.655 | E12: 0.9553 | F12: 0.50163 | G12: 0.73007 | H12: 0.31866 | I12: 0.1684 | J12: 0.05301 | K12: 0.039999999 | L12: 3.2491877 | M12: -0.63240499 | N12: 1.2912338 | O12: 0.15138157 | P12: -1.6133035 | Q12: Europe | S12: 0.147 | T12: 0.025 | U12: 0.004
A13: Albania | B13: 2017 | C13: 109 | D13: 4.6440001 | E13: 0.99619275 | F13: 0.80368525 | G13: 0.73115975 | H13: 0.38149863 | I13: 0.20131294 | J13: 0.039864216 | K13: 1 | L13: 3.9054298 | M13: 1.4509361 | N13: 1.987 | O13: 0.819713 | P13: 2.8422458 | Q13: Europe | S13: 0.18519 | T13: 0.026 | U13: 0.004387901
A14: Albania | B14: 2018 | C14: 112 | D14: 4.586 | E14: 0.916 | F14: 0.817 | G14: 0.79 | H14: 0.419 | I14: 0.149 | J14: 0.032 | K14: 2.8 | L14: 2.6714315 | M14: 1.3594644 | N14: 2.03 | O14: 0.92837429 | P14: 1.602622 | Q14: Europe | S14: 0.19249 | T14: 0.030369857 | U14: 0.005
A15: Albania | B15: 2019 | C15: 107 | D15: 4.719 | E15: 0.947 | F15: 0.848 | G15: 0.874 | H15: 0.383 | I15: 0.178 | J15: 0.027 | K15: 0.68900985 | L15: 2.911938 | M15: 0.36341733 | N15: 1.411 | O15: 0.73537815 | P15: -0.79672098 | Q15: Europe | S15: 0.23442 | T15: 0.0432 | U15: 0.005
A16: Albania | B16: 2020 | C16: 105 | D16: 4.8827 | E16: 0.90665305 | F16: 0.67107046 | G16: 68.708138 | H16: 0.78199422 | I16: -0.042309489 | J16: 0.89630371 | K16: 1.4200893 | L16: 3.6074543 | M16: 1.4133958 | N16: 1.6208866 | O16: 1.4114063 | P16: -3.4326388 | Q16: Europe | S16: 0.24749 | T16: 0.05822 | U16: 0.006
A17: Albania | B17: 2021 | C17: 93 | D17: 5.117 | E17: 9.52 | F17: 0.697 | G17: 68.999 | H17: 0.785 | I17: -0.03 | J17: 0.901 | K17: 2.7 | L17: 3.9 | M17: 5.9280138 | N17: 2.0414716 | O17: 1.6793293 | P17: 2.6989083 | Q17: Europe | S17: 0.26135 | T17: 0.059900753 | U17: 0.006
A18: Albania | B18: 2022 | C18: 90 | D18: 5.199 | E18: 1.439 | F18: 0.646 | G18: 0.719 | H18: 0.511 | I18: 0.138 | J18: 0.028 | K18: 14.216085 | L18: 11.203514 | M18: 9.6517633 | N18: 6.7252027 | O18: 6.501041 | P18: 19.937537 | Q18: Europe | S18: 0.268 | T18: 0.065 | U18: 0.006
A19: Albania | B19: 2023 | C19: 83 | D19: 5.277 | E19: 9.567 | F19: 0.718 | G19: 69.15 | H19: 0.794 | I19: -0.007 | J19: 0.878 | K19: -5.0686364 | M19: 5.1942693 | N19: 5.5652239 | O19: 5.2225313 | Q19: Europe | S19: 0.279 | T19: 0.066 | U19: 0.006
A20: Algeria | B20: 2015 | C20: 68 | D20: 5.605 | E20: 0.93929 | F20: 1.07772 | G20: 0.61766 | H20: 0.28579 | I20: 0.07822 | J20: 0.17383 | K20: 1.7503198 | L20: 3.604882 | M20: -6.4556358 | N20: 4.3916664 | P20: 2.2497056 | Q20: Africa | S20: 0.29247 | T20: 0.067 | U20: 0.006 | W20: SORT
A21: Algeria | B21: 2016 | C21: 38 | D21: 6.355 | E21: 1.05266 | F21: 0.83309 | G21: 0.61804 | H21: 0.21006 | I21: 0.07044 | J21: 0.16157 | K21: 5.9810543 | L21: 2.6168447 | M21: 1.5487295 | N21: 5.8003039 | P21: 4.1193409 | Q21: Africa | S21: 0.29561 | T21: 0.07699 | U21: 0.00615
A22: Algeria | B22: 2017 | C22: 53 | D22: 5.8720002 | E22: 1.0918645 | F22: 1.1462175 | G22: 0.61758465 | H22: 0.23333581 | I22: 0.069436647 | J22: 0.14609611 | K22: 2.8017797 | L22: 5.6054001 | M22: 6.3908369 | N22: 5.591 | P22: 1.8786095 | Q22: Africa | S22: 0.30285 | T22: 0.077 | U22: 0.00649
A23: Algeria | B23: 2018 | C23: 84 | D23: 5.295 | E23: 0.979 | F23: 1.154 | G23: 0.687 | H23: 0.077 | I23: 0.055 | J23: 0.135 | K23: 1.2388263 | L23: 1.7412293 | M23: 7.0647866 | N23: 3.51 | P23: 4.0810566 | Q23: Africa | S23: 0.3109 | T23: 0.085 | U23: 0.00679
A24: Algeria | B24: 2019 | C24: 88 | D24: 5.211 | E24: 1.002 | F24: 1.16 | G24: 0.785 | H24: 0.086 | I24: 0.073 | J24: 0.114 | K24: 1.425144 | L24: 0.64319569 | M24: -0.90998946 | N24: 1.952 | P24: 2.6372888 | Q24: Africa | S24: 0.31945986 | T24: 0.086 | U24: 0.00872
A25: Algeria | B25: 2020 | C25: 100 | D25: 5.0050998 | E25: 0.943856 | F25: 0.80338514 | G25: 65.905174 | H25: 0.46661091 | I25: -0.12110516 | J25: 0.73548514 | K25: 1.3897383 | L25: 0.22050305 | M25: -4.6866948 | N25: 2.4151309 | Q25: Africa | S25: 0.322 | T25: 0.09245 | U25: 0.008964816
A26: Algeria | B26: 2021 | C26: 109 | D26: 4.887 | E26: 9.342 | F26: 0.802 | G26: 66.005 | H26: 0.48 | I26: -0.067 | J26: 0.752 | K26: 1.47 | L26: 10.13 | M26: 15.736744 | N26: 7.2260631 | P26: 7.4329045 | Q26: Africa | S26: 0.33613 | T26: 0.09511 | U26: 0.009
A27: Algeria | B27: 2022 | C27: 96 | D27: 5.122 | E27: 1.363 | F27: 0.97 | G27: 0.643 | H27: 0.146 | I27: 0.106 | J27: 0.15 | K27: 2.4020968 | L27: 12.7019 | M27: 15.567649 | N27: 9.2655155 | Q27: Africa | S27: 0.341 | T27: 0.095731251 | U27: 0.01
A28: Algeria | B28: 2023 | C28: 81 | D28: 5.329 | E28: 9.3 | F28: 0.855 | G28: 66.549 | H28: 0.571 | I28: -0.117 | J28: 0.717 | K28: 1.4879778 | L28: 13.256373 | M28: -0.42962924 | N28: 9.3221738 | Q28: Africa | S28: 0.35386 | T28: 0.096098043 | U28: 0.010091286
A29: Angola | B29: 2015 | C29: 137 | D29: 4.033 | E29: 0.75778 | F29: 0.8604 | G29: 0.16683 | H29: 0.10384 | I29: 0.12344 | J29: 0.07122 | L29: 9.2964697 | M29: -3.5183903 | N29: 9.1590004 | P29: 9.1711226 | Q29: Africa | S29: 0.372 | T29: 0.10081 | U29: 0.01031
A30: Angola | B30: 2016 | C30: 141 | D30: 3.866 | E30: 0.84731 | F30: 0.66366 | G30: 0.04991 | H30: 0.00589 | I30: 0.12071 | J30: 0.08434 | L30: 21.2355 | M30: 21.7743 | N30: 32.377731 | P30: 20.392229 | Q30: Africa | S30: 0.376 | T30: 0.103 | U30: 0.01078
A31: Angola | B31: 2017 | C31: 140 | D31: 3.7950001 | E31: 0.85842818 | F31: 1.104412 | G31: 0.049868666 | H31: 0 | I31: 0.09792649 | J31: 0.069720335 | L31: 40.986217 | M31: 22.617828 | N31: 29.844 | P31: 23.023481 | Q31: Africa | S31: 0.37932 | T31: 0.10384 | U31: 0.011
A32: Angola | B32: 2018 | C32: 142 | D32: 3.795 | E32: 0.73 | F32: 1.125 | G32: 0.269 | H32: 0 | I32: 0.079 | J32: 0.061 | L32: 22.350267 | M32: 33.762011 | N32: 19.63 | P32: 16.090868 | Q32: Africa | S32: 0.38174 | T32: 0.10617952 | U32: 0.011051531
A33: Argentina | B33: 2015 | C33: 30 | D33: 6.574 | E33: 1.05351 | F33: 1.24823 | G33: 0.78723 | H33: 0.44974 | I33: 0.11451 | J33: 0.08484 | M33: 26.579992 | N33: 26.538401 | Q33: South America | S33: 0.38562 | T33: 0.112 | U33: 0.0114
A34: Argentina | B34: 2016 | C34: 26 | D34: 6.65 | E34: 1.15137 | F34: 1.06612 | G34: 0.69711 | H34: 0.42284 | I34: 0.10989 | J34: 0.07296 | L34: 49.432299 | M34: 41.119381 | N34: 39.400002 | Q34: South America | S34: 0.38595 | T34: 0.1185 | U34: 0.011865643
A35: Argentina | B35: 2017 | C35: 24 | D35: 6.599 | E35: 1.1852955 | F35: 1.4404511 | G35: 0.69513708 | H35: 0.4945192 | I35: 0.10945706 | J35: 0.059739888 | L35: 20.36 | M35: 26.006378 | N35: 25.675 | P35: 16.26404 | Q35: South America | S35: 0.41134 | T35: 0.12072 | U35: 0.01241
A36: Argentina | B36: 2018 | C36: 29 | D36: 6.388 | E36: 1.073 | F36: 1.468 | G36: 0.744 | H36: 0.57 | I36: 0.062 | J36: 0.054 | K36: 52.759998 | L36: 32.738937 | M36: 40.012154 | N36: 34.28 | P36: 52.216434 | Q36: South America | S36: 0.413 | T36: 0.12102 | U36: 0.01397
A37: Argentina | B37: 2019 | C37: 47 | D37: 6.086 | E37: 1.092 | F37: 1.432 | G37: 0.881 | H37: 0.471 | I37: 0.066 | J37: 0.05 | K37: 49.280769 | L37: 58.344105 | M37: 50.622581 | N37: 53.548 | P37: 58.310783 | Q37: South America | S37: 0.41411 | T37: 0.12297478 | U37: 0.014
A38: Argentina | B38: 2020 | C38: 55 | D38: 5.9747 | E38: 1.0284656 | F38: 0.90056795 | G38: 68.803802 | H38: 0.83113241 | I38: -0.19491386 | J38: 0.84200984 | K38: 19.946911 | L38: 46.970287 | M38: 39.840848 | N38: 42.015095 | P38: 42.507 | Q38: South America | S38: 0.41587 | T38: 0.1268 | U38: 0.014
A39: Argentina | B39: 2021 | C39: 57 | D39: 5.929 | E39: 9.962 | F39: 0.898 | G39: 69 | H39: 0.828 | I39: -0.182 | J39: 0.834 | K39: 26.23 | L39: 49.846 | M39: 54.152412 | N39: 48.40938 | P39: 59.085495 | Q39: South America | S39: 0.416 | T39: 0.12807 | U39: 0.01521
A40: Argentina | B40: 2022 | C40: 57 | D40: 5.967 | E40: 1.592 | F40: 1.102 | G40: 0.662 | H40: 0.555 | I40: 0.081 | J40: 0.085 | K40: 51.398287 | L40: 74.63056 | M40: 41.066531 | N40: 72.43076 | P40: 60.273346 | Q40: South America | S40: 0.43106 | T40: 0.12859 | U40: 0.015317135
A41: Argentina | B41: 2023 | C41: 52 | D41: 6.024 | E41: 9.959 | F41: 0.891 | G41: 67.2 | H41: 0.823 | I41: -0.089 | J41: 0.814 | K41: 110.88389 | L41: 144.44015 | M41: 112.26494 | N41: 128.41471 | P41: 128.47664 | Q41: South America | S41: 0.43165 | T41: 0.129 | U41: 0.015869452
A42: Armenia | B42: 2015 | C42: 127 | D42: 4.35 | E42: 0.76821 | F42: 0.77711 | G42: 0.7299 | H42: 0.19847 | I42: 0.07855 | J42: 0.039 | K42: 38.98 | L42: 27.85 | M42: 1.1607673 | N42: 3.7309999 | O42: 5.1425108 | P42: -0.76964909 | Q42: Europe | S42: 0.43188253 | T42: 0.131 | U42: 0.01615
A43: Armenia | B43: 2016 | C43: 121 | D43: 4.36 | E43: 0.86086 | F43: 0.62477 | G43: 0.64083 | H43: 0.14037 | I43: 0.07793 | J43: 0.03616 | K43: -23.879999 | L43: -22.030001 | M43: 0.2740274 | N43: -1.406 | O43: -2.0220337 | P43: 1.5113158 | Q43: Europe | S43: 0.43529984 | T43: 0.13684 | U43: 0.017
A44: Armenia | B44: 2017 | C44: 121 | D44: 4.3759999 | E44: 0.90059674 | F44: 1.0074837 | G44: 0.63752443 | H44: 0.19830327 | I44: 0.083488092 | J44: 0.026674422 | K44: -4.6366822 | L44: 3.9871132 | M44: 2.1337004 | N44: 1.031 | O44: 0.69570027 | P44: 2.1584425 | Q44: Europe | S44: 0.437 | T44: 0.14037 | U44: 0.017
A45: Armenia | B45: 2018 | C45: 129 | D45: 4.321 | E45: 0.816 | F45: 0.99 | G45: 0.666 | H45: 0.26 | I45: 0.077 | J45: 0.028 | K45: 0.17964626 | L45: 2.3362267 | M45: 2.7629309 | N45: 2.52 | O45: 3.7044859 | P45: 0.082490899 | Q45: Europe | S45: 0.437 | T45: 0.142 | U45: 0.018
A46: Armenia | B46: 2019 | C46: 116 | D46: 4.559 | E46: 0.85 | F46: 1.055 | G46: 0.815 | H46: 0.283 | I46: 0.095 | J46: 0.064 | K46: 0.4849413 | L46: 1.8686297 | M46: 1.4798953 | N46: 1.443 | O46: 1.1661735 | P46: 0.63066477 | Q46: Europe | S46: 0.447 | T46: 0.14396 | U46: 0.0182
A47: Armenia | B47: 2020 | C47: 116 | D47: 4.6767998 | E47: 0.80826241 | F47: 0.75747943 | G47: 66.750656 | H47: 0.71201783 | I47: -0.13877961 | J47: 0.77354479 | K47: 0.89319622 | L47: 0.26999128 | M47: 1.8453663 | N47: 1.2114358 | O47: 1.296061 | P47: 2.97596 | Q47: Europe | S47: 0.46115 | T47: 0.146 | U47: 0.01829
A48: Armenia | B48: 2021 | C48: 86 | D48: 5.283 | E48: 9.487 | F48: 0.799 | G48: 67.055 | H48: 0.825 | I48: -0.168 | J48: 0.629 | K48: 1.28 | L48: 11.21 | M48: 6.8667407 | N48: 7.1848363 | O48: 7.2321676 | P48: 9.8664393 | Q48: Europe | S48: 0.463 | T48: 0.14622 | U48: 0.01903
A49: Armenia | B49: 2022 | C49: 82 | D49: 5.399 | E49: 1.434 | F49: 0.82 | G49: 0.668 | H49: 0.558 | I49: 0.054 | J49: 0.21 | K49: 6.2510134 | L49: 12.113491 | M49: 6.8831649 | N49: 8.6409111 | O49: 8.2781986 | P49: 2.6810772 | Q49: Europe | S49: 0.46475 | T49: 0.14706244 | U49: 0.02
A50: Armenia | B50: 2023 | C50: 79 | D50: 5.342 | E50: 9.615 | F50: 0.79 | G50: 67.789 | H50: 0.796 | I50: -0.155 | J50: 0.705 | L50: -0.49481988 | M50: 2.818734 | N50: 1.9804188 | O50: 2.5 | P50: 1.5881226 | Q50: Europe | S50: 0.46867114 | T50: 0.148 | U50: 0.021
A51: Australia | B51: 2015 | C51: 10 | D51: 7.284 | E51: 1.33358 | F51: 1.30923 | G51: 0.93156 | H51: 0.65124 | I51: 0.43562 | J51: 0.35637 | K51: 2.54 | L51: 0.92120916 | M51: -0.67991858 | N51: 1.5083679 | O51: 2.462425 | P51: -4.9417914 | Q51: Oceania | S51: 0.47036695 | T51: 0.15111 | U51: 0.022
A52: Australia | B52: 2016 | C52: 9 | D52: 7.313 | E52: 1.44443 | F52: 1.10476 | G52: 0.8512 | H52: 0.56837 | I52: 0.47407 | J52: 0.32331 | K52: 1.6799999 | L52: 0.8167246 | M52: 0.99306706 | N52: 1.2769928 | O52: 1.812424 | P52: -1.4329751 | Q52: Oceania | S52: 0.471 | T52: 0.15412 | U52: 0.022
A53: Australia | B53: 2017 | C53: 10 | D53: 7.2839999 | E53: 1.4844149 | F53: 1.510042 | G53: 0.84388679 | H53: 0.60160738 | I53: 0.47769925 | J53: 0.30118373 | K53: 2.8900001 | L53: 0.71479625 | M53: 3.6277483 | N53: 1.972 | O53: 1.604483 | P53: 8.4946327 | Q53: Oceania | S53: 0.474 | T53: 0.15718 | U53: 0.022794275
A54: Australia | B54: 2018 | C54: 10 | D54: 7.272 | E54: 1.34 | F54: 1.573 | G54: 0.91 | H54: 0.647 | I54: 0.361 | J54: 0.302 | K54: 2.3457322 | L54: 0.96994925 | M54: 2.2539788 | N54: 1.91 | O54: 1.269041 | P54: 5.211904 | Q54: Oceania | S54: 0.483 | T54: 0.16234203 | U54: 0.02299
A55: Australia | B55: 2019 | C55: 11 | D55: 7.228 | E55: 1.372 | F55: 1.548 | G55: 1.036 | H55: 0.557 | I55: 0.332 | J55: 0.29 | K55: -1.2121429 | L55: 4.4828939 | M55: 3.316628 | N55: 1.61 | O55: 0.6798787 | P55: 1.0144391 | Q55: Oceania | S55: 0.489 | T55: 0.163 | U55: 0.023
A56: Australia | B56: 2020 | C56: 12 | D56: 7.2227998 | E56: 1.3103964 | F56: 0.94485462 | G56: 73.604538 | H56: 0.91543174 | I56: 0.19046016 | J56: 0.41516912 | K56: -0.12327923 | L56: 9.2792131 | M56: 0.85183578 | N56: 0.84690554 | O56: -0.004077226 | P56: -3.7091336 | Q56: Oceania | S56: 0.49 | T56: 0.1643 | U56: 0.023029471
A57: Australia | B57: 2021 | C57: 11 | D57: 7.183 | E57: 10.796 | F57: 0.94 | G57: 73.9 | H57: 0.914 | I57: 0.159 | J57: 0.442 | K57: 10.93195 | L57: 7.91 | M57: 2.8008998 | N57: 2.82 | O57: 1.406068 | P57: 5.74 | Q57: Oceania | S57: 0.49032572 | T57: 0.167 | U57: 0.024
A58: Australia | B58: 2022 | C58: 12 | D58: 7.162 | E58: 1.9 | F58: 1.203 | G58: 0.772 | H58: 0.676 | I58: 0.258 | J58: 0.341 | K58: 15.457325 | L58: 8.1667 | M58: 7.3648046 | N58: 6.594097 | O58: 5.545571 | P58: 9.8827841 | Q58: Oceania | S58: 0.49353 | T58: 0.174 | U58: 0.024210852
A59: Australia | B59: 2023 | C59: 12 | D59: 7.095 | E59: 10.821 | F59: 0.934 | G59: 71.05 | H59: 0.89 | I59: 0.198 | J59: 0.496 | K59: 7.1534463 | L59: 6.5810369 | M59: 3.7123175 | N59: 5.5970149 | O59: 5.309686 | Q59: Oceania | S59: 0.498 | T59: 0.17586352 | U59: 0.0243
A60: Austria | B60: 2015 | C60: 13 | D60: 7.2 | E60: 1.33723 | F60: 1.29704 | G60: 0.89042 | H60: 0.62433 | I60: 0.33088 | J60: 0.18676 | K60: 1.1900001 | L60: 0.83185977 | M60: 2.3007437 | N60: 0.89656472 | O60: 1.845618 | P60: -1.477982 | Q60: Europe | S60: 0.50163 | T60: 0.178 | U60: 0.025
A61: Austria | B61: 2016 | C61: 12 | D61: 7.119 | E61: 1.45038 | F61: 1.08383 | G61: 0.80565 | H61: 0.54355 | I61: 0.32865 | J61: 0.21348 | K61: 0.82999998 | L61: 0.73332977 | M61: 1.848 | N61: 0.89159596 | O61: 1.466789 | P61: -1.8251342 | Q61: Europe | S61: 0.50353 | T61: 0.1826 | U61: 0.025
A62: Austria | B62: 2017 | C62: 13 | D62: 7.006 | E62: 1.4870973 | F62: 1.459945 | G62: 0.81532842 | H62: 0.56776619 | I62: 0.31647232 | J62: 0.22106037 | K62: 1.73 | L62: 2.3659885 | M62: 0.86108711 | N62: 2.23 | O62: 1.971253 | P62: 1.9609631 | Q62: Europe | S62: 0.51256883 | T62: 0.18827 | U62: 0.025
A63: Austria | B63: 2018 | C63: 12 | D63: 7.139 | E63: 1.341 | F63: 1.504 | G63: 0.891 | H63: 0.617 | I63: 0.242 | J63: 0.224 | K63: 2.28 | L63: 1.5193137 | M63: 1.7133122 | N63: 2 | O63: 1.812324 | P63: 2.3811395 | Q63: Europe | S63: 0.517 | T63: 0.189 | U63: 0.02533637
A64: Austria | B64: 2019 | C64: 10 | D64: 7.246 | E64: 1.376 | F64: 1.475 | G64: 1.016 | H64: 0.532 | I64: 0.244 | J64: 0.226 | K64: 0.89682478 | L64: 1.0189461 | M64: 1.7265636 | N64: 1.49 | O64: 1.653481 | P64: 0.10569886 | Q64: Europe | S64: 0.53 | T64: 0.18919676 | U64: 0.02556
A65: Austria | B65: 2020 | C65: 9 | D65: 7.2941999 | E65: 1.3172855 | F65: 0.92804587 | G65: 73.002502 | H65: 0.89998949 | I65: 0.085429221 | J65: 0.49995488 | K65: 2.4005304 | L65: 2.3324124 | M65: 1.1271157 | N65: 1.3819106 | O65: 1.899783 | P65: -1.5923258 | Q65: Europe | S65: 0.53 | T65: 0.18929 | U65: 0.026
A66: Austria | B66: 2021 | C66: 10 | D66: 7.268 | E66: 10.906 | F66: 0.934 | G66: 73.3 | H66: 0.908 | I66: 0.042 | J66: 0.481 | K66: 12.25 | L66: 0.783 | M66: 1.9434075 | N66: 2.766667 | O66: 2.15 | P66: 7.9494799 | Q66: Europe | S66: 0.531 | T66: 0.19184 | U66: 0.026121566
A67: Austria | B67: 2022 | C67: 11 | D67: 7.163 | E67: 1.931 | F67: 1.165 | G67: 0.774 | H67: 0.623 | I67: 0.193 | J67: 0.329 | K67: 39.057484 | L67: 10.74824 | M67: 4.737828 | N67: 8.54687 | O67: 5.4794797 | P67: 9.5281792 | Q67: Europe | S67: 0.537 | T67: 0.19498905 | U67: 0.02617
A68: Austria | B68: 2023 | C68: 11 | D68: 7.097 | E68: 10.899 | F68: 0.888 | G68: 71.15 | H68: 0.855 | I68: 0.102 | J68: 0.497 | K68: 6.1952729 | L68: 10.97423 | M68: 7.6152117 | N68: 7.8141342 | O68: 7.740555 | P68: 1.8222439 | Q68: Europe | S68: 0.537 | T68: 0.195 | U68: 0.02652
A69: Azerbaijan | B69: 2015 | C69: 80 | D69: 5.212 | E69: 1.02389 | F69: 0.93793 | G69: 0.64045 | H69: 0.3703 | I69: 0.07799 | J69: 0.16065 | K69: -1.6230325 | L69: 6.0707998 | M69: -8.8096385 | N69: 4.0329375 | O69: 3.9831816 | P69: -30.579645 | Q69: Europe | S69: 0.5375 | T69: 0.19662 | U69: 0.02666
A70: Azerbaijan | B70: 2016 | C70: 81 | D70: 5.291 | E70: 1.12373 | F70: 0.76042 | G70: 0.54504 | H70: 0.35327 | I70: 0.0564 | J70: 0.17914 | K70: 7.2600002 | L70: 14.7492 | M70: 14.628581 | N70: 12.440555 | O70: 4.1396769 | P70: 27.542227 | Q70: Europe | S70: 0.54 | T70: 0.197 | U70: 0.026674422
A71: Azerbaijan | B71: 2017 | C71: 85 | D71: 5.2340002 | E71: 1.1536018 | F71: 1.1524003 | G71: 0.54077578 | H71: 0.39815584 | I71: 0.04526934 | J71: 0.18098751 | K71: 19.562085 | L71: 16.520918 | M71: 16.226168 | N71: 12.844 | O71: -0.09196416 | P71: 36.801842 | Q71: Europe | S71: 0.54083544 | T71: 0.1977 | U71: 0.027
... A73: Azerbaijan | B73: 2019 | C73: 90 | D73: 5.208 | E73: 1.043 | F73: 1.147 | G73: 0.769 | H73: 0.351 | I73: 0.035 | J73: 0.182 | K73: -0.14627325 | L73: 3.6921437 | M73: -0.22955754 | N73: 2.7119999 | O73: -1.8426723 | P73: 3.2280118 | Q73: Europe | S73: 0.544 | T73: 0.19847 | U73: 0.027
A74: Azerbaijan | B74: 2020 | C74: 89 | D74: 5.1648002 | E74: 0.9902727 | F74: 0.81930828 | G74: 65.5084 | H74: 0.78682411 | I74: -0.24025528 | J74: 0.55253756 | K74: 1.5173289 | L74: 4.8147206 | M74: -7.3481343 | N74: 2.7598095 | P74: -24.799995 | Q74: Europe | S74: 0.5440073 | T74: 0.199 | U74: 0.02745
A75: Azerbaijan | B75: 2021 | C75: 90 | D75: 5.171 | E75: 9.569 | F75: 0.836 | G75: 65.656 | H75: 0.814 | I75: -0.223 | J75: 0.506 | K75: 15.68 | L75: 8.16 | M75: 21.156929 | N75: 6.6502991 | P75: 69.59897 | Q75: Europe | S75: 0.55131263 | T75: 0.20107 | U75: 0.02758
A76: Bahrain | B76: 2015 | C76: 49 | D76: 5.96 | E76: 1.32376 | F76: 1.21624 | G76: 0.74716 | H76: 0.45492 | I76: 0.17362 | J76: 0.306 | K76: 4.6100001 | L76: 2.4198155 | M76: -9.254994 | N76: 1.8358965 | Q76: Asia | S76: 0.552 | T76: 0.20440318 | U76: 0.02781
A77: Bahrain | B77: 2016 | C77: 42 | D77: 6.218 | E77: 1.44024 | F77: 0.94397 | G77: 0.65696 | H77: 0.47375 | I77: 0.17147 | J77: 0.25772 | K77: 3.03 | L77: 1.2912054 | M77: 0.24689895 | N77: 2.7997124 | Q77: Asia | S77: 0.553 | T77: 0.20871553 | U77: 0.028
A78: Bahrain | B78: 2017 | C78: 41 | D78: 6.0869999 | E78: 1.4884123 | F78: 1.3231105 | G78: 0.65313303 | H78: 0.53674692 | I78: 0.17266849 | J78: 0.25704217 | K78: 3.48 | L78: 1.0089524 | M78: 5.5188856 | N78: 1.387 | Q78: Asia | S78: 0.55370712 | T78: 0.209 | U78: 0.028
A79: Bahrain | B79: 2018 | C79: 43 | D79: 6.105 | E79: 1.338 | F79: 1.366 | G79: 0.698 | H79: 0.594 | I79: 0.243 | J79: 0.123 | K79: 1.24 | L79: 2.1212544 | M79: 4.3507488 | N79: 2.08 | Q79: Asia | S79: 0.555 | T79: 0.21006 | U79: 0.028
A80: Bahrain | B80: 2019 | C80: 37 | D80: 6.199 | E80: 1.362 | F80: 1.368 | G80: 0.871 | H80: 0.536 | I80: 0.255 | J80: 0.11 | K80: 2.8731575 | L80: 2.378758 | M80: 0.18431036 | N80: 1 | Q80: Asia | S80: 0.56 | T80: 0.212 | U80: 0.028
A81: Bahrain | B81: 2020 | C81: 40 | D81: 6.2273002 | E81: 1.2966923 | F81: 0.87634212 | G81: 68.5 | H81: 0.90585578 | I81: 0.13372919 | J81: 0.7393471 | K81: -2.6125877 | L81: 3.5462039 | M81: -6.8524836 | N81: -2.3177063 | Q81: Asia | S81: 0.56 | T81: 0.21219 | U81: 0.028
A82: Bahrain | B82: 2021 | C82: 22 | D82: 6.647 | E82: 10.669 | F82: 0.862 | G82: 69.495 | H82: 0.925 | I82: 0.089 | J82: 0.722 | K82: -1.26 | L82: -0.08 | M82: 9.5013012 | N82: -0.60631939 | Q82: Asia | S82: 0.565 | T82: 0.21342 | U82: 0.028
A83: Bahrain | B83: 2022 | C83: 21 | D83: 6.647 | E83: 1.854 | F83: 1.029 | G83: 0.625 | H83: 0.693 | I83: 0.199 | J83: 0.155 | K83: -0.94220493 | L83: 9.9856525 | M83: 7.7958656 | N83: 3.625741 | Q83: Asia | S83: 0.566 | T83: 0.216 | U83: 0.028
A84: Bahrain | B84: 2023 | C84: 42 | D84: 6.173 | E84: 10.776 | F84: 0.844 | G84: 65.825 | H84: 0.944 | I84: 0.117 | J84: 0.737 | K84: 0.25815327 | L84: 6.0484449 | M84: -6.3234395 | N84: 0.17829383 | Q84: Asia | S84: 0.569 | T84: 0.22 | U84: 0.028
A85: Bangladesh | B85: 2015 | C85: 109 | D85: 4.694 | E85: 0.39753 | F85: 0.43106 | G85: 0.60164 | H85: 0.4082 | I85: 0.21222 | J85: 0.12569 | K85: 3.3078222 | L85: 6.0500002 | M85: 5.8725248 | N85: 6.1859426 | Q85: Asia | S85: 0.57061493 | T85: 0.221 | U85: 0.028028091
A86: Bangladesh | B86: 2016 | C86: 110 | D86: 4.643 | E86: 0.54177 | F86: 0.24749 | G86: 0.52989 | H86: 0.39778 | I86: 0.19132 | J86: 0.12583 | K86: 9.1909237 | L86: 4.5100002 | M86: 6.7281949 | N86: 5.505753 | Q86: Asia | S86: 0.572 | T86: 0.225 | U86: 0.02833
A87: Bangladesh | B87: 2017 | C87: 110 | D87: 4.6079998 | E87: 0.58668297 | F87: 0.73513174 | G87: 0.53324103 | H87: 0.47835666 | I87: 0.17225535 | J87: 0.12371786 | K87: 4.2419062 | L87: 7.1700001 | M87: 6.2785528 | N87: 5.611 | P87: 3.5681903 | Q87: Asia | S87: 0.575 | T87: 0.22815 | U87: 0.029
A88: Bangladesh | B88: 2018 | C88: 115 | D88: 4.5 | E88: 0.532 | F88: 0.85 | G88: 0.579 | H88: 0.58 | I88: 0.153 | J88: 0.144 | K88: 2.0207918 | L88: 6.21 | M88: 5.5972405 | N88: 5.55 | P88: 4.4466581 | Q88: Asia | S88: 0.577 | T88: 0.22917 | U88: 0.029
A89: Bangladesh | B89: 2019 | C89: 125 | D89: 4.456 | E89: 0.562 | F89: 0.928 | G89: 0.723 | H89: 0.527 | I89: 0.166 | J89: 0.143 | K89: 5.127192 | L89: 5.5598822 | M89: 4.4591543 | N89: 5.4749999 | P89: 0.98538661 | Q89: Asia | S89: 0.58154333 | T89: 0.231 | U89: 0.029
A90: Bangladesh | B90: 2020 | C90: 107 | D90: 4.8327999 | E90: 0.55615628 | F90: 0.68729299 | G90: 64.503067 | H90: 0.90062499 | I90: -0.033664726 | J90: 0.66184354 | K90: 6.6618115 | L90: 5.7730823 | M90: 5.1495277 | N90: 5.6910747 | P90: 1.1053472 | Q90: Asia | S90: 0.59 | T90: 0.232 | U90: 0.02901
A91: Bangladesh | B91: 2021 | C91: 101 | D91: 5.025 | E91: 8.454 | F91: 0.693 | G91: 64.8 | H91: 0.877 | I91: -0.041 | J91: 0.682 | K91: 1.08 | L91: 5.3 | M91: 4.1211754 | N91: 5.3066764 | P91: 5.5035281 | Q91: Asia | S91: 0.592 | T91: 0.23333581 | U91: 0.02947
A92: Bangladesh | B92: 2022 | C92: 94 | D92: 5.155 | E92: 1.06 | F92: 0.614 | G92: 0.581 | H92: 0.622 | I92: 0.125 | J92: 0.187 | K92: 4.7540395 | L92: 7.3678709 | M92: 4.1216346 | N92: 7.6969544 | P92: 5.000808 | Q92: Asia | S92: 0.59205 | T92: 0.23391 | U92: 0.02961
A93: Bangladesh | B93: 2023 | C93: 118 | D93: 4.282 | E93: 8.685 | F93: 0.544 | G93: 64.548 | H93: 0.845 | I93: 0.005 | J93: 0.698 | K93: 8.4366892 | L93: 10.507981 | M93: 5.4204208 | N93: 9.7833341 | P93: 5.9904901 | Q93: Asia | S93: 0.59207 | T93: 0.23414 | U93: 0.03
A94: Belarus | B94: 2015 | C94: 59 | D94: 5.813 | E94: 1.03192 | F94: 1.23289 | G94: 0.73608 | H94: 0.37938 | I94: 0.11046 | J94: 0.1909 | K94: -1.6 | L94: 12.2071 | M94: 16.02248 | N94: 13.476087 | O94: 12.176555 | P94: -0.53874845 | Q94: Europe | S94: 0.59220094 | T94: 0.23423178 | U94: 0.03
A95: Belarus | B95: 2016 | C95: 61 | D95: 5.802 | E95: 1.13062 | F95: 1.04993 | G95: 0.63104 | H95: 0.29091 | I95: 0.13942 | J95: 0.17457 | K95: 4.5500002 | L95: 10.5908 | M95: 8.3521415 | N95: 11.802736 | O95: 10.923608 | P95: -1.2416667 | Q95: Europe | S95: 0.59262848 | T95: 0.235 | U95: 0.0305
A96: Belarus | B96: 2017 | C96: 67 | D96: 5.5689998 | E96: 1.1565576 | F96: 1.4449452 | G96: 0.63771427 | H96: 0.29540026 | I96: 0.15513751 | J96: 0.15631382 | K96: 8.5130142 | L96: 7.0156965 | M96: 8.61462 | N96: 6.032 | O96: 5.3690615 | P96: 1.9407645 | Q96: Europe | S96: 0.593 | T96: 0.23501 | U96: 0.0306
A97: Belarus | B97: 2018 | C97: 73 | D97: 5.483 | E97: 1.039 | F97: 1.498 | G97: 0.7 | H97: 0.307 | I97: 0.101 | J97: 0.154 | K97: 12.453531 | L97: 4.0569305 | M97: 12.151629 | N97: 4.87 | O97: 3.5838325 | P97: 1.8624286 | Q97: Europe | S97: 0.59324783 | T97: 0.23521526 | U97: 0.03061
A98: Belarus | B98: 2019 | C98: 81 | D98: 5.323 | E98: 1.067 | F98: 1.465 | G98: 0.789 | H98: 0.235 | I98: 0.094 | J98: 0.142 | K98: 10.15949 | L98: 6.3625001 | M98: 8.577 | N98: 5.5999999 | O98: 4.6294241 | P98: 0.94262961 | Q98: Europe | S98: 0.595 | T98: 0.23553 | U98: 0.031
A99: Belarus | B99: 2020 | C99: 75 | D99: 5.5398998 | E99: 1.0188545 | F99: 0.90674746 | G99: 66.104332 | H99: 0.63916308 | I99: -0.16492654 | J99: 0.63571167 | K99: 7.9899688 | L99: 4.2719341 | M99: 10.100666 | N99: 5.5481436 | O99: 4.619709 | P99: -0.75672194 | Q99: Europe | S99: 0.595 | T99: 0.23889 | U99: 0.031
A100: Belarus | B100: 2021 | C100: 75 | D100: 5.534 | E100: 9.853 | F100: 0.91 | G100: 66.253 | H100: 0.65 | I100: -0.18 | J100: 0.627 | K100: 10.24 | L100: 9.62 | M100: 13.05042 | N100: 9.4602839 | O100: 9.3424642 | P100: 12.242252 | Q100: Europe | S100: 0.596 | T100: 0.23907 | U100: 0.031612735
A101: Belgium | B101: 2015 | C101: 19 | D101: 6.937 | E101: 1.30782 | F101: 1.28566 | G101: 0.89667 | H101: 0.5845 | I101: 0.2225 | J101: 0.2254 | K101: 0.39985731 | L101: 1.2028568 | M101: 1.3304691 | N101: 0.56143063 | O101: 1.369301 | P101: -1.9996832 | Q101: Europe | S101: 0.596 | T101: 0.24072905 | U101: 0.03187
...

Sheet Аналітичні висновки

Sheet QQ
A1: SORT_Social support | B1: SORT_Freedom | C1: SORT_Corruption | D1: Rank | E1: Theoretical Quantiles | F1: Z-score
A2: {=SORT(Raw!F2:F1204)} -> 0 | B2: {=SORT(Raw!H2:H1204)} -> 0 | C2: {=SORT(Raw!J2:J1204)} -> 0 | D2: {=SEQUENCE(1203, 1, 1, 1)} -> 1 | E2: =(D2-0.5)/COUNT(D:D) -> 0.0004156276 | F2: =_xlfn.NORM.S.INV(E2) -> -3.342172
A3: 0 | B3: 0 | C3: 0 | D3: 2 | E3: =(D3-0.5)/COUNT(D:D) -> 0.0012468828 | F3: =_xlfn.NORM.S.INV(E3) -> -3.0240969
A4: 0 | B4: 0 | C4: 0 | D4: 3 | E4: =(D4-0.5)/COUNT(D:D) -> 0.002078138 | F4: =_xlfn.NORM.S.INV(E4) -> -2.8660508
A5: 0 | B5: 0 | C5: 0 | D5: 4 | E5: =(D5-0.5)/COUNT(D:D) -> 0.0029093932 | F5: =_xlfn.NORM.S.INV(E5) -> -2.7578221
A6: 0 | B6: 0 | C6: 0 | D6: 5 | E6: =(D6-0.5)/COUNT(D:D) -> 0.0037406484 | F6: =_xlfn.NORM.S.INV(E6) -> -2.6746246
A7: 0 | B7: 0 | C7: 0 | D7: 6 | E7: =(D7-0.5)/COUNT(D:D) -> 0.0045719036 | F7: =_xlfn.NORM.S.INV(E7) -> -2.6066301
A8: 0.064 | B8: 0.00589 | C8: 0 | D8: 7 | E8: =(D8-0.5)/COUNT(D:D) -> 0.0054031588 | F8: =_xlfn.NORM.S.INV(E8) -> -2.5489003
A9: 0.10419 | B9: 0.01 | C9: 0.001 | D9: 8 | E9: =(D9-0.5)/COUNT(D:D) -> 0.006234414 | F9: =_xlfn.NORM.S.INV(E9) -> -2.4985906
A10: 0.11037 | B10: 0.014995855 | C10: 0.00227 | D10: 9 | E10: =(D10-0.5)/COUNT(D:D) -> 0.0070656692 | F10: =_xlfn.NORM.S.INV(E10) -> -2.4539074
A11: 0.13995 | B11: 0.016 | C11: 0.00322 | D11: 10 | E11: =(D11-0.5)/COUNT(D:D) -> 0.0078969244 | F11: =_xlfn.NORM.S.INV(E11) -> -2.4136449
A12: 0.147 | B12: 0.025 | C12: 0.004 | D12: 11 | E12: =(D12-0.5)/COUNT(D:D) -> 0.0087281796 | F12: =_xlfn.NORM.S.INV(E12) -> -2.376952
A13: 0.18519 | B13: 0.026 | C13: 0.004387901 | D13: 12 | E13: =(D13-0.5)/COUNT(D:D) -> 0.0095594347 | F13: =_xlfn.NORM.S.INV(E13) -> -2.3432051
A14: 0.19249 | B14: 0.030369857 | C14: 0.005 | D14: 13 | E14: =(D14-0.5)/COUNT(D:D) -> 0.01039069 | F14: =_xlfn.NORM.S.INV(E14) -> -2.3119329
... A1203: 1.624 | B1203: 0.97 | C1203: 0.939 | D1203: 1202 | E1203: =(D1203-0.5)/COUNT(D:D) -> 0.99875312 | F1203: =_xlfn.NORM.S.INV(E1203) -> 3.0240969
A1204: 1.644 | B1204: 0.97499812 | D1204: 1203 | E1204: =(D1204-0.5)/COUNT(D:D) -> 0.99958437 | F1204: =_xlfn.NORM.S.INV(E1204) -> 3.342172

Sheet Distribution check
A1: Гістограми:
A19: Припущення: | F19: Припущення: | K19: Припущення:
A20: форма гістограми не схожа на дзвін і дані не є симетрично розподілені на графіку, тому припускаємо, що цей розподіл не є гаусівським. Хоча значення все ж скупчуються в центральній частині і утворюють пік, дуже віддалено таки є схожість з нормальним розподілом. Можливо, подальші обчислення вкажуть на це. Це може бути нормальним розподілом з асиметрією. | F20: тут форма гістограми також не схожа на дзвін і дані не є симетричними, тому припускаʼмо, що цей розподіл не є нормальним. Можливо тут розподіл рівномірний | K20: дані на гістограмі сильно зміщені в ліву частину і не є симетричними, тому припускаємо, що цей розподіл теж не є нормальним. Можливо, це експоненційний розподіл.
A28: QQ plot:
A46: Skewness | B46: =SKEW(Raw!F2:F1204) -> -0.10073856 | F46: Skewness | G46: =SKEW(Raw!H2:H1204) -> -0.11187636 | K46: Skewness | L46: =SKEW(Raw!J2:J1204) -> 0.741176
A47: Kurtosis | B47: =KURT(Raw!F2:F1204) -> -0.033933682 | F47: Kurtosis | G47: =KURT(Raw!H3:H1205) -> -0.60362942 | K47: Kurtosis | L47: =KURT(Raw!J3:J1205) -> -1.0984236
A49: Висновки: | F49: Висновки: | K49: Висновки:
A50: Більшість точок укладаються вздовж діагональної лінії - це характерно для нормального р-лу. Обрахуване значення Kurtosis близьке до 0 також саме при нормальному р-лі. Skewness показує практично симетричний розподіл. Підтверджує наші припущення. | F50: Знову більшість точок укладаються вздовж діагональної лінії як при нормальному р-лі. Значення Skewness близьке до 0 вказує на симетричність розподілу. Його відємність - це легка ліва асиметрія. Обрахуване значення Kurtosis -0,6 також наближене до нормального р-лу. Тож розподіл таки близький до нормального. Підтверджує наші припущення. | K50: Одразу помітна форма "S". Тут значення Skewness більше ніж 0,5 вказує на помірну асиметрію. Додатнє - отже наявна права асиметрія. Обраховане значення Kurtosis далеке від 0 - не є нормальним р-лом. Від'ємне - як і має бути при приплюсненій вершині. Отже ще раз - даний розподіл не є нормальним. Підтверджує наші припущення.
A58: розподіл Perceptions of corruption:
A59: На гістограмі спостерігаємо значну кількість малих значень в центральній частині, пласку форму. S-подібна форма на QQ-plot підтверджують припущення про експоненційний характер цього розподілу. Відмічаємо помірну праву асиметрію. Цей показник відображає сприйняття корупції в суспільстві, яке, за замовчанням, не може бути високим. Тому більшість значень в добірці даних є малими. Ніби це відображається в S-формі - розподіл із недостатньою дисперсією, що свідчить про нижчу варіативність.
